{
  "name": "Ionicons",
  "href": "ionicons",
  "prefix": "ion",
  "lists": [
    {
      "name": "Icons",
      "icons": [
        "ios-add",
        "ios-add-circle",
        "ios-alarm",
        "ios-albums",
        "ios-alert",
        "ios-american-football",
        "ios-analytics",
        "ios-aperture",
        "ios-apps",
        "ios-appstore",
        "ios-archive",
        "ios-arrow-back",
        "ios-arrow-down",
        "ios-arrow-dropdown",
        "ios-arrow-dropdown-circle",
        "ios-arrow-dropleft",
        "ios-arrow-dropleft-circle",
        "ios-arrow-dropright",
        "ios-arrow-dropright-circle",
        "ios-arrow-dropup",
        "ios-arrow-dropup-circle",
        "ios-arrow-forward",
        "ios-arrow-round-back",
        "ios-arrow-round-down",
        "ios-arrow-round-forward",
        "ios-arrow-round-up",
        "ios-arrow-up",
        "ios-at",
        "ios-attach",
        "ios-backspace",
        "ios-barcode",
        "ios-baseball",
        "ios-basket",
        "ios-basketball",
        "ios-battery-charging",
        "ios-battery-dead",
        "ios-battery-full",
        "ios-beaker",
        "ios-beer",
        "ios-bicycle",
        "ios-bluetooth",
        "ios-boat",
        "ios-body",
        "ios-bonfire",
        "ios-book",
        "ios-bookmark",
        "ios-bookmarks",
        "ios-bowtie",
        "ios-briefcase",
        "ios-browsers",
        "ios-brush",
        "ios-bug",
        "ios-build",
        "ios-bulb",
        "ios-bus",
        "ios-cafe",
        "ios-calculator",
        "ios-calendar",
        "ios-call",
        "ios-camera",
        "ios-car",
        "ios-card",
        "ios-cart",
        "ios-cash",
        "ios-chatboxes",
        "ios-chatbubbles",
        "ios-checkbox",
        "ios-checkmark",
        "ios-checkmark-circle",
        "ios-clipboard",
        "ios-clock",
        "ios-close",
        "ios-close-circle",
        "ios-closed-captioning",
        "ios-cloud",
        "ios-cloud-circle",
        "ios-cloud-done",
        "ios-cloud-download",
        "ios-cloud-upload",
        "ios-cloudy",
        "ios-cloudy-night",
        "ios-code",
        "ios-code-download",
        "ios-code-working",
        "ios-cog",
        "ios-color-fill",
        "ios-color-filter",
        "ios-color-palette",
        "ios-color-wand",
        "ios-compass",
        "ios-construct",
        "ios-contact",
        "ios-contacts",
        "ios-contract",
        "ios-contrast",
        "ios-copy",
        "ios-create",
        "ios-crop",
        "ios-cube",
        "ios-cut",
        "ios-desktop",
        "ios-disc",
        "ios-document",
        "ios-done-all",
        "ios-download",
        "ios-easel",
        "ios-egg",
        "ios-exit",
        "ios-expand",
        "ios-eye",
        "ios-eye-off",
        "ios-fastforward",
        "ios-female",
        "ios-filing",
        "ios-film",
        "ios-finger-print",
        "ios-flag",
        "ios-flame",
        "ios-flash",
        "ios-flask",
        "ios-flower",
        "ios-folder",
        "ios-folder-open",
        "ios-football",
        "ios-funnel",
        "ios-game-controller-a",
        "ios-game-controller-b",
        "ios-git-branch",
        "ios-git-commit",
        "ios-git-compare",
        "ios-git-merge",
        "ios-git-network",
        "ios-git-pull-request",
        "ios-glasses",
        "ios-globe",
        "ios-grid",
        "ios-hammer",
        "ios-hand",
        "ios-happy",
        "ios-headset",
        "ios-heart",
        "ios-help",
        "ios-help-buoy",
        "ios-help-circle",
        "ios-home",
        "ios-ice-cream",
        "ios-image",
        "ios-images",
        "ios-infinite",
        "ios-information",
        "ios-information-circle",
        "ios-ionic",
        "ios-ionitron",
        "ios-jet",
        "ios-key",
        "ios-keypad",
        "ios-laptop",
        "ios-leaf",
        "ios-link",
        "ios-list",
        "ios-list-box",
        "ios-locate",
        "ios-lock",
        "ios-log-in",
        "ios-log-out",
        "ios-magnet",
        "ios-mail",
        "ios-mail-open",
        "ios-male",
        "ios-man",
        "ios-map",
        "ios-medal",
        "ios-medical",
        "ios-medkit",
        "ios-megaphone",
        "ios-menu",
        "ios-mic",
        "ios-mic-off",
        "ios-microphone",
        "ios-moon",
        "ios-more",
        "ios-move",
        "ios-musical-note",
        "ios-musical-notes",
        "ios-navigate",
        "ios-no-smoking",
        "ios-notifications",
        "ios-notifications-off",
        "ios-nuclear",
        "ios-nutrition",
        "ios-open",
        "ios-options",
        "ios-outlet",
        "ios-paper",
        "ios-paper-plane",
        "ios-partly-sunny",
        "ios-pause",
        "ios-paw",
        "ios-people",
        "ios-person",
        "ios-person-add",
        "ios-phone-landscape",
        "ios-phone-portrait",
        "ios-photos",
        "ios-pie",
        "ios-pin",
        "ios-pint",
        "ios-pizza",
        "ios-plane",
        "ios-planet",
        "ios-play",
        "ios-podium",
        "ios-power",
        "ios-pricetag",
        "ios-pricetags",
        "ios-print",
        "ios-pulse",
        "ios-qr-scanner",
        "ios-quote",
        "ios-radio",
        "ios-radio-button-off",
        "ios-radio-button-on",
        "ios-rainy",
        "ios-recording",
        "ios-redo",
        "ios-refresh",
        "ios-refresh-circle",
        "ios-remove",
        "ios-remove-circle",
        "ios-reorder",
        "ios-repeat",
        "ios-resize",
        "ios-restaurant",
        "ios-return-left",
        "ios-return-right",
        "ios-reverse-camera",
        "ios-rewind",
        "ios-ribbon",
        "ios-rose",
        "ios-sad",
        "ios-school",
        "ios-search",
        "ios-send",
        "ios-settings",
        "ios-share",
        "ios-share-alt",
        "ios-shirt",
        "ios-shuffle",
        "ios-skip-backward",
        "ios-skip-forward",
        "ios-snow",
        "ios-speedometer",
        "ios-square",
        "ios-star",
        "ios-star-half",
        "ios-stats",
        "ios-stopwatch",
        "ios-subway",
        "ios-sunny",
        "ios-swap",
        "ios-switch",
        "ios-sync",
        "ios-tablet-landscape",
        "ios-tablet-portrait",
        "ios-tennisball",
        "ios-text",
        "ios-thermometer",
        "ios-thumbs-down",
        "ios-thumbs-up",
        "ios-thunderstorm",
        "ios-time",
        "ios-timer",
        "ios-train",
        "ios-transgender",
        "ios-trash",
        "ios-trending-down",
        "ios-trending-up",
        "ios-trophy",
        "ios-umbrella",
        "ios-undo",
        "ios-unlock",
        "ios-videocam",
        "ios-volume-down",
        "ios-volume-mute",
        "ios-volume-off",
        "ios-volume-up",
        "ios-walk",
        "ios-warning",
        "ios-watch",
        "ios-water",
        "ios-wifi",
        "ios-wine",
        "ios-woman",
        "logo-android",
        "logo-angular",
        "logo-apple",
        "logo-bitcoin",
        "logo-buffer",
        "logo-chrome",
        "logo-codepen",
        "logo-css3",
        "logo-designernews",
        "logo-dribbble",
        "logo-dropbox",
        "logo-euro",
        "logo-facebook",
        "logo-foursquare",
        "logo-freebsd-devil",
        "logo-github",
        "logo-google",
        "logo-googleplus",
        "logo-hackernews",
        "logo-html5",
        "logo-instagram",
        "logo-javascript",
        "logo-linkedin",
        "logo-markdown",
        "logo-nodejs",
        "logo-octocat",
        "logo-pinterest",
        "logo-playstation",
        "logo-python",
        "logo-reddit",
        "logo-rss",
        "logo-sass",
        "logo-skype",
        "logo-snapchat",
        "logo-steam",
        "logo-tumblr",
        "logo-tux",
        "logo-twitch",
        "logo-twitter",
        "logo-usd",
        "logo-vimeo",
        "logo-whatsapp",
        "logo-windows",
        "logo-wordpress",
        "logo-xbox",
        "logo-yahoo",
        "logo-yen",
        "logo-youtube",
        "md-add",
        "md-add-circle",
        "md-alarm",
        "md-albums",
        "md-alert",
        "md-american-football",
        "md-analytics",
        "md-aperture",
        "md-apps",
        "md-appstore",
        "md-archive",
        "md-arrow-back",
        "md-arrow-down",
        "md-arrow-dropdown",
        "md-arrow-dropdown-circle",
        "md-arrow-dropleft",
        "md-arrow-dropleft-circle",
        "md-arrow-dropright",
        "md-arrow-dropright-circle",
        "md-arrow-dropup",
        "md-arrow-dropup-circle",
        "md-arrow-forward",
        "md-arrow-round-back",
        "md-arrow-round-down",
        "md-arrow-round-forward",
        "md-arrow-round-up",
        "md-arrow-up",
        "md-at",
        "md-attach",
        "md-backspace",
        "md-barcode",
        "md-baseball",
        "md-basket",
        "md-basketball",
        "md-battery-charging",
        "md-battery-dead",
        "md-battery-full",
        "md-beaker",
        "md-beer",
        "md-bicycle",
        "md-bluetooth",
        "md-boat",
        "md-body",
        "md-bonfire",
        "md-book",
        "md-bookmark",
        "md-bookmarks",
        "md-bowtie",
        "md-briefcase",
        "md-browsers",
        "md-brush",
        "md-bug",
        "md-build",
        "md-bulb",
        "md-bus",
        "md-cafe",
        "md-calculator",
        "md-calendar",
        "md-call",
        "md-camera",
        "md-car",
        "md-card",
        "md-cart",
        "md-cash",
        "md-chatboxes",
        "md-chatbubbles",
        "md-checkbox",
        "md-checkmark",
        "md-checkmark-circle",
        "md-clipboard",
        "md-clock",
        "md-close",
        "md-close-circle",
        "md-closed-captioning",
        "md-cloud",
        "md-cloud-circle",
        "md-cloud-done",
        "md-cloud-download",
        "md-cloud-upload",
        "md-cloudy",
        "md-cloudy-night",
        "md-code",
        "md-code-download",
        "md-code-working",
        "md-cog",
        "md-color-fill",
        "md-color-filter",
        "md-color-palette",
        "md-color-wand",
        "md-compass",
        "md-construct",
        "md-contact",
        "md-contacts",
        "md-contract",
        "md-contrast",
        "md-copy",
        "md-create",
        "md-crop",
        "md-cube",
        "md-cut",
        "md-desktop",
        "md-disc",
        "md-document",
        "md-done-all",
        "md-download",
        "md-easel",
        "md-egg",
        "md-exit",
        "md-expand",
        "md-eye",
        "md-eye-off",
        "md-fastforward",
        "md-female",
        "md-filing",
        "md-film",
        "md-finger-print",
        "md-flag",
        "md-flame",
        "md-flash",
        "md-flask",
        "md-flower",
        "md-folder",
        "md-folder-open",
        "md-football",
        "md-funnel",
        "md-game-controller-a",
        "md-game-controller-b",
        "md-git-branch",
        "md-git-commit",
        "md-git-compare",
        "md-git-merge",
        "md-git-network",
        "md-git-pull-request",
        "md-glasses",
        "md-globe",
        "md-grid",
        "md-hammer",
        "md-hand",
        "md-happy",
        "md-headset",
        "md-heart",
        "md-help",
        "md-help-buoy",
        "md-help-circle",
        "md-home",
        "md-ice-cream",
        "md-image",
        "md-images",
        "md-infinite",
        "md-information",
        "md-information-circle",
        "md-ionic",
        "md-ionitron",
        "md-jet",
        "md-key",
        "md-keypad",
        "md-laptop",
        "md-leaf",
        "md-link",
        "md-list",
        "md-list-box",
        "md-locate",
        "md-lock",
        "md-log-in",
        "md-log-out",
        "md-magnet",
        "md-mail",
        "md-mail-open",
        "md-male",
        "md-man",
        "md-map",
        "md-medal",
        "md-medical",
        "md-medkit",
        "md-megaphone",
        "md-menu",
        "md-mic",
        "md-mic-off",
        "md-microphone",
        "md-moon",
        "md-more",
        "md-move",
        "md-musical-note",
        "md-musical-notes",
        "md-navigate",
        "md-no-smoking",
        "md-notifications",
        "md-notifications-off",
        "md-nuclear",
        "md-nutrition",
        "md-open",
        "md-options",
        "md-outlet",
        "md-paper",
        "md-paper-plane",
        "md-partly-sunny",
        "md-pause",
        "md-paw",
        "md-people",
        "md-person",
        "md-person-add",
        "md-phone-landscape",
        "md-phone-portrait",
        "md-photos",
        "md-pie",
        "md-pin",
        "md-pint",
        "md-pizza",
        "md-plane",
        "md-planet",
        "md-play",
        "md-podium",
        "md-power",
        "md-pricetag",
        "md-pricetags",
        "md-print",
        "md-pulse",
        "md-qr-scanner",
        "md-quote",
        "md-radio",
        "md-radio-button-off",
        "md-radio-button-on",
        "md-rainy",
        "md-recording",
        "md-redo",
        "md-refresh",
        "md-refresh-circle",
        "md-remove",
        "md-remove-circle",
        "md-reorder",
        "md-repeat",
        "md-resize",
        "md-restaurant",
        "md-return-left",
        "md-return-right",
        "md-reverse-camera",
        "md-rewind",
        "md-ribbon",
        "md-rose",
        "md-sad",
        "md-school",
        "md-search",
        "md-send",
        "md-settings",
        "md-share",
        "md-share-alt",
        "md-shirt",
        "md-shuffle",
        "md-skip-backward",
        "md-skip-forward",
        "md-snow",
        "md-speedometer",
        "md-square",
        "md-star",
        "md-star-half",
        "md-stats",
        "md-stopwatch",
        "md-subway",
        "md-sunny",
        "md-swap",
        "md-switch",
        "md-sync",
        "md-tablet-landscape",
        "md-tablet-portrait",
        "md-tennisball",
        "md-text",
        "md-thermometer",
        "md-thumbs-down",
        "md-thumbs-up",
        "md-thunderstorm",
        "md-time",
        "md-timer",
        "md-train",
        "md-transgender",
        "md-trash",
        "md-trending-down",
        "md-trending-up",
        "md-trophy",
        "md-umbrella",
        "md-undo",
        "md-unlock",
        "md-videocam",
        "md-volume-down",
        "md-volume-mute",
        "md-volume-off",
        "md-volume-up",
        "md-walk",
        "md-warning",
        "md-watch",
        "md-water",
        "md-wifi",
        "md-wine",
        "md-woman"
      ]
    }
  ]
}
